{
  "train_loss": [
    0.4495339828789665,
    9.341566927264105e-05,
    2.269107416439164e-05
  ],
  "val_loss": [
    0.00028745732499912806,
    8.130931427230179e-05,
    9.496739863202997e-05
  ]
}